{
  "leave_one_out": {
    "hit_ratio": {
      "profile": 1.0,
      "embedding": 1.0,
      "hybrid": 1.0
    },
    "precision_at_k": {
      "profile": {
        "1": 0.13333333333333333,
        "3": 0.1929824561403509,
        "5": 0.20000000000000004,
        "10": NaN
      },
      "embedding": {
        "1": 0.03333333333333333,
        "3": 0.02222222222222222,
        "5": 0.20000000000000007,
        "10": NaN
      },
      "hybrid": {
        "1": 0.13333333333333333,
        "3": 0.15555555555555553,
        "5": 0.20000000000000007,
        "10": NaN
      }
    },
    "recall_at_k": {
      "profile": {
        "1": 1.0,
        "3": 1.0,
        "5": 1.0,
        "10": NaN
      },
      "embedding": {
        "1": 0.2,
        "3": 0.8333333333333334,
        "5": 1.0,
        "10": NaN
      },
      "hybrid": {
        "1": 1.0,
        "3": 1.0,
        "5": 1.0,
        "10": NaN
      }
    },
    "ndcg_at_k": {
      "profile": {
        "1": 0.9666666666666667,
        "3": 0.9659642342655496,
        "5": 0.9659761471372611,
        "10": NaN
      },
      "embedding": {
        "1": 1.0,
        "3": 0.933323920081159,
        "5": 0.9020503717199361,
        "10": NaN
      },
      "hybrid": {
        "1": 0.9666666666666667,
        "3": 0.9634455423293153,
        "5": 0.9456715933135792,
        "10": NaN
      }
    },
    "prediction_time": {
      "profile": 0.0002472956975301107,
      "embedding": 0.23129338423411053,
      "hybrid": 0.0003188371658325195
    }
  },
  "coverage": {
    "coverage_percentage": {
      "profile": 100.0,
      "embedding": 100.0,
      "hybrid": 100.0
    },
    "total_universities": 5
  },
  "explanation": {
    "avg_strengths_per_rec": 3.2666666666666666,
    "avg_considerations_per_rec": 0.38333333333333336,
    "avg_compatibility_score": 1.581275462962963,
    "avg_semantic_similarity": 0.0,
    "avg_similar_students": 0.95,
    "explanations_with_learning_style": 86.66666666666667,
    "explanations_with_personality": 90.0,
    "explanations_with_career": 81.66666666666667,
    "explanations_with_importance_alignment": 88.33333333333333
  }
}